Type,Coverage,OdName,AREA,AreaName,REG,RegName,DEV,DevName,1980,1981,1982,1983,1984,1985,1986,1987,1988,1989,1990,1991,1992,1993,1994,1995,1996,1997,1998,1999,2000,2001,2002,2003,2004,2005,2006,2007,2008,2009,2010,2011,2012,2013
Immigrants,Foreigners,Afghanistan,935,Asia,5501,Southern Asia,902,Less developed regions,722,1881,1569,2566,3222,2794,2831,2424,2873,3232,3187,2879,2685,2964,2344,1424,1263,1127,830,877,1011,1202,1759,1252,2137,4749,3417,1753,2813,3165,2017,1648,1617,2196
Immigrants,Foreigners,Albania,908,Europe,925,Southern Europe,901,More developed regions,30,11,23,22,32,45,53,62,82,71,78,142,682,1400,1489,1420,4007,4374,4220,3695,4755,4358,3765,3362,3840,5947,7914,5737,5754,5137,4711,3612,3364,3186
Immigrants,Foreigners,Algeria,903,Africa,912,Northern Africa,902,Less developed regions,175,184,190,201,197,202,183,172,199,230,302,269,407,360,364,650,1059,717,804,789,906,875,1030,759,805,1115,1300,1036,1037,1485,1305,1364,1369,1241
Immigrants,Foreigners,American Samoa,909,Oceania,957,Polynesia,902,Less developed regions,0,0,7,7,0,0,0,1,0,..,..,..,0,..,0,..,..,0,4,11,7,28,26,16,12,15,28,11,14,19,14,D,-,D
Immigrants,Foreigners,Andorra,908,Europe,925,Southern Europe,901,More developed regions,2,3,2,1,0,0,1,0,0,4,5,..,..,..,..,0,..,..,..,..,..,..,..,..,..,..,..,..,..,..,..,..,..,..
Immigrants,Foreigners,Angola,903,Africa,911,Middle Africa,902,Less developed regions,194,144,126,116,146,120,116,146,110,143,141,132,107,92,75,81,125,75,66,57,87,94,92,59,107,188,272,199,221,173,148,148,187,143
Immigrants,Foreigners,Anguilla,904,Latin America and the Caribbean,915,Caribbean,902,Less developed regions,148,116,89,58,61,53,64,21,36,43,41,56,46,23,31,26,36,19,26,20,25,55,20,26,22,35,32,25,22,21,19,25,23,22
Immigrants,Foreigners,Antigua and Barbuda,904,Latin America and the Caribbean,915,Caribbean,902,Less developed regions,972,929,3234,2008,953,957,812,874,837,979,1319,944,619,554,438,374,406,393,297,454,429,461,380,301,414,440,570,415,444,437,359,368,337,344
Immigrants,Foreigners,Argentina,904,Latin America and the Caribbean,931,South America,902,Less developed regions,2815,2236,2065,2029,2141,1844,2187,2106,2371,3301,5437,3889,3877,2824,2318,1762,2450,1961,1503,1387,2317,3297,3661,3129,4805,7081,7327,5645,5353,5780,4399,4473,4359,4372
Immigrants,Foreigners,Armenia,935,Asia,922,Western Asia,902,Less developed regions,..,..,..,..,..,..,..,..,..,..,..,..,6145,6287,3984,1992,2441,2093,1144,1250,1253,1762,1800,1287,1833,2591,6317,4351,3586,3442,2979,2983,2681,2722
Immigrants,Foreigners,Aruba,904,Latin America and the Caribbean,915,Caribbean,902,Less developed regions,..,..,..,..,..,..,2,75,47,73,83,56,62,36,24,27,28,26,23,14,25,29,32,27,31,42,51,55,36,38,49,39,54,45
Immigrants,Foreigners,Australia,909,Oceania,927,Australia and New Zealand,901,More developed regions,1490,1297,1387,1279,1309,1362,1354,1253,1356,1546,1754,1678,2238,2320,2049,1751,1949,1626,1139,1103,2044,2811,2557,1836,2604,3193,3249,2518,2464,2622,2512,2343,2414,2759
Immigrants,Foreigners,Austria,908,Europe,926,Western Europe,901,More developed regions,401,367,339,433,442,419,463,483,514,501,675,589,701,549,499,518,553,485,290,230,405,522,483,295,402,532,524,485,443,512,442,424,407,415
Immigrants,Foreigners,Azerbaijan,935,Asia,922,Western Asia,902,Less developed regions,..,..,..,..,..,..,..,..,..,..,..,..,1640,2943,2844,1885,1990,1450,504,738,1036,1152,1164,746,969,1523,2371,1166,1071,834,781,728,663,637
Immigrants,Foreigners,Bahamas,904,Latin America and the Caribbean,915,Caribbean,902,Less developed regions,547,546,577,505,499,533,570,556,1283,861,1378,1062,641,686,589,585,767,641,602,398,766,924,808,423,586,698,847,738,682,751,652,668,619,630
Immigrants,Foreigners,Bahrain,935,Asia,922,Western Asia,902,Less developed regions,39,28,22,25,29,43,30,46,45,47,58,58,81,93,87,78,76,80,52,70,106,118,85,59,116,140,148,133,96,120,104,119,104,115
Immigrants,Foreigners,Bangladesh,935,Asia,5501,Southern Asia,902,Less developed regions,532,756,639,787,823,1146,1634,1649,1325,2180,4252,10676,3740,3291,3434,6072,8221,8680,8616,6038,7204,7152,5483,4616,8061,11487,14644,12074,11753,16651,14819,16707,14705,12099
Immigrants,Foreigners,Barbados,904,Latin America and the Caribbean,915,Caribbean,902,Less developed regions,2667,2394,1961,1849,1577,1625,1595,1665,1455,1616,1745,1460,1091,1184,897,734,1041,828,725,715,777,895,813,516,630,846,959,689,585,603,465,455,460,428
Immigrants,Foreigners,Belarus,908,Europe,923,Eastern Europe,901,More developed regions,..,..,..,..,..,..,..,..,..,..,..,..,3233,4702,5420,3791,4267,3061,978,1320,2170,2901,2923,1858,2255,3503,3086,2328,2390,2407,2038,1964,1659,1970
Immigrants,Foreigners,Belgium,908,Europe,926,Western Europe,901,More developed regions,426,467,559,538,537,538,620,636,581,548,682,525,780,657,516,569,651,553,419,426,670,814,769,455,638,859,716,638,642,686,592,567,574,675
Immigrants,Foreigners,Belize,904,Latin America and the Caribbean,916,Central America,902,Less developed regions,1120,1289,2031,1585,1492,1353,1385,1354,1497,2217,3867,2377,1020,1035,772,644,785,664,494,572,757,936,966,588,871,876,1252,1073,1077,1041,965,905,847,946
Immigrants,Foreigners,Benin,903,Africa,914,Western Africa,902,Less developed regions,32,77,22,17,8,11,8,9,15,16,27,24,10,21,18,23,38,48,47,59,62,75,137,76,185,193,275,258,317,401,486,462,415,342
Immigrants,Foreigners,Bermuda,905,Northern America,905,Northern America,901,More developed regions,195,208,181,194,154,150,172,154,166,182,203,146,153,156,118,111,103,75,62,63,71,98,108,92,100,116,160,108,92,108,72,71,85,88
Immigrants,Foreigners,Bhutan,935,Asia,5501,Southern Asia,902,Less developed regions,13,8,14,10,0,0,1,0,2,..,..,..,..,..,..,..,8,6,6,4,..,5,14,15,17,30,78,52,42,594,6109,10137,10198,8954
Immigrants,Foreigners,Bolivia (Plurinational State of),904,Latin America and the Caribbean,931,South America,902,Less developed regions,730,820,750,823,918,1006,1079,1170,1038,1805,2843,3006,1510,1545,1404,1332,1913,1732,1509,1444,1761,1819,1664,1376,1768,2197,4025,2590,2436,2837,2253,2173,1948,2071
Immigrants,Foreigners,Bosnia and Herzegovina,908,Europe,925,Southern Europe,901,More developed regions,..,..,..,..,..,..,..,..,..,..,..,..,15,159,521,4061,6495,6391,4209,5412,11525,23594,25329,6155,10552,14074,3789,1569,1491,1501,946,878,815,697
Immigrants,Foreigners,Botswana,903,Africa,913,Southern Africa,902,Less developed regions,10,3,4,10,29,11,30,15,24,10,21,3,19,13,13,16,21,18,12,5,13,24,30,27,34,54,53,49,41,55,66,76,80,53
Immigrants,Foreigners,Brazil,904,Latin America and the Caribbean,931,South America,902,Less developed regions,1570,1616,1475,1503,1847,2272,2332,2505,2699,3332,4191,8133,4755,4604,4491,4558,5888,4574,4380,3887,6943,9448,9439,6331,10556,16662,17903,14295,12195,14701,12258,11763,11441,11033
Immigrants,Foreigners,British Virgin Islands,904,Latin America and the Caribbean,915,Caribbean,902,Less developed regions,255,229,101,128,93,183,270,296,395,258,105,137,174,166,137,98,87,93,55,76,67,70,43,43,35,41,47,40,53,46,46,37,39,45
Immigrants,Foreigners,Brunei Darussalam,935,Asia,920,South-Eastern Asia,902,Less developed regions,13,31,13,18,5,16,29,12,12,..,16,15,17,26,..,14,20,6,19,16,16,27,28,20,22,49,25,32,18,26,20,25,19,21
Immigrants,Foreigners,Bulgaria,908,Europe,923,Eastern Europe,901,More developed regions,188,124,207,201,225,249,221,205,217,265,428,623,1049,1029,981,1797,2066,2774,3731,4171,4917,4400,3608,3825,4253,5635,4828,3981,2960,3133,2570,2661,2440,2844
Immigrants,Foreigners,Burkina Faso,903,Africa,914,Western Africa,902,Less developed regions,4,4,5,3,3,3,3,4,6,11,8,8,16,11,16,17,17,13,14,17,48,68,64,60,103,128,221,238,238,416,377,433,558,585
Immigrants,Foreigners,Burundi,903,Africa,910,Eastern Africa,902,Less developed regions,8,9,8,0,4,5,2,1,9,9,5,16,11,13,14,26,36,59,51,16,28,79,120,74,100,186,320,257,255,1505,841,593,535,260
Immigrants,Foreigners,Cabo Verde,903,Africa,914,Western Africa,902,Less developed regions,788,849,852,594,591,627,760,657,921,1118,907,973,757,936,810,968,1012,920,812,902,1079,868,871,745,1015,1225,1780,2048,1916,2238,1668,1808,1684,1673
Immigrants,Foreigners,Cambodia,935,Asia,920,South-Eastern Asia,902,Less developed regions,2801,12749,13438,18120,11856,13563,13501,12460,9629,6076,5179,3251,2573,1639,1404,1492,1566,1638,1436,1394,2138,2462,2800,2263,3553,4022,5773,4246,3713,3771,2986,2745,2473,2624
Immigrants,Foreigners,Cameroon,903,Africa,911,Middle Africa,902,Less developed regions,65,69,95,92,145,123,130,132,157,187,380,452,236,262,305,506,803,895,690,824,860,791,984,927,1309,1458,2919,3392,3771,3463,4161,4754,3815,3908
Immigrants,Foreigners,Canada,905,Northern America,905,Northern America,901,More developed regions,13609,11191,10786,11390,10791,11385,11039,11876,11783,12151,16812,13504,15205,17156,16068,12932,15800,11583,10130,8782,16057,21752,19352,11350,15569,21878,18207,15495,15109,16140,13328,12800,12932,13181
Immigrants,Foreigners,Cayman Islands,904,Latin America and the Caribbean,915,Caribbean,902,Less developed regions,95,92,55,46,26,19,39,25,26,48,53,23,40,..,30,26,24,35,28,18,31,23,24,35,38,37,65,40,37,45,52,41,44,44
Immigrants,Foreigners,Central African Republic,903,Africa,911,Middle Africa,902,Less developed regions,3,2,3,1,0,2,2,3,1,..,14,8,8,15,..,..,27,10,6,3,4,11,13,6,17,24,51,52,88,107,101,134,116,213
Immigrants,Foreigners,Chad,903,Africa,911,Middle Africa,902,Less developed regions,6,5,2,4,2,1,4,1,2,4,8,9,4,3,9,11,13,18,8,24,23,44,47,8,23,31,73,74,96,102,120,171,155,111
Immigrants,Foreigners,Chile,904,Latin America and the Caribbean,931,South America,902,Less developed regions,2569,2048,1911,1970,1912,1992,2243,2140,2137,3037,4049,2842,1937,1778,1640,1534,1706,1442,1228,1085,1700,1921,1839,1310,1810,2404,2774,2274,2017,2250,1950,1853,1673,1736
Immigrants,Foreigners,China,935,Asia,906,Eastern Asia,902,Less developed regions,27651,25803,27100,25777,23363,24787,25106,25841,28717,32272,31815,33025,38907,65578,53985,35463,41720,41128,36854,32159,45585,56267,61082,40568,55494,69933,87307,76655,80271,64238,70863,87016,81784,71798
Immigrants,Foreigners,"China, Hong Kong Special Administrative Region",935,Asia,906,Eastern Asia,902,Less developed regions,3860,4055,4971,5948,5465,5171,5021,4706,8546,9740,9393,10427,10452,9161,7731,7249,7833,5574,5272,4910,5407,8300,6075,3574,3951,3705,3256,3527,3373,2651,2432,2306,2104,2226
Immigrants,Foreigners,"China, Macao Special Administrative Region",935,Asia,906,Eastern Asia,902,Less developed regions,261,280,225,246,260,271,243,254,183,246,301,267,320,334,287,373,453,277,276,294,270,340,284,244,192,133,189,178,205,158,143,130,120,106
Immigrants,Foreigners,Colombia,904,Latin America and the Caribbean,931,South America,902,Less developed regions,11289,10335,8608,9658,11020,11982,11408,11700,10322,15214,24189,19702,13201,12819,10847,10838,14275,12993,11801,9928,14427,16627,18758,14720,18846,25566,43144,33187,30213,27849,22406,22635,20931,21131
Immigrants,Foreigners,Comoros,903,Africa,910,Eastern Africa,902,Less developed regions,3,1,0,1,0,1,0,0,1,0,0,0,..,..,..,..,..,..,..,..,..,..,..,..,..,..,..,..,..,..,..,8,10,3
Immigrants,Foreigners,Congo,903,Africa,911,Middle Africa,902,Less developed regions,18,13,7,8,6,9,6,12,4,10,9,22,9,10,11,11,23,31,118,190,189,311,677,513,670,1064,1600,972,950,1563,968,1371,1461,1059
Immigrants,Foreigners,Cook Islands,909,Oceania,957,Polynesia,902,Less developed regions,0,0,4,0,0,0,2,0,1,7,5,8,6,4,..,..,..,..,..,..,..,..,..,..,..,..,..,..,..,..,..,..,..,..
Immigrants,Foreigners,Costa Rica,904,Latin America and the Caribbean,916,Central America,902,Less developed regions,1535,1359,1272,1182,1473,1281,1356,1391,1351,1985,2840,2341,1480,1368,1205,1062,1502,1330,1199,883,1310,1733,1591,1246,1755,2278,3109,2540,2090,2384,2164,2135,2020,2114
Immigrants,Foreigners,Côte d'Ivoire,903,Africa,914,Western Africa,902,Less developed regions,28,28,29,54,55,57,55,63,78,98,184,347,259,250,268,289,432,430,364,303,439,596,629,483,666,930,2067,1193,1645,2159,1621,1302,1760,1486
Immigrants,Foreigners,Croatia,908,Europe,925,Southern Europe,901,More developed regions,..,..,..,..,..,..,..,..,..,..,..,..,77,370,412,608,810,717,547,580,1058,2853,3798,1153,1511,1780,945,482,455,496,357,349,336,353
Immigrants,Foreigners,Cuba,904,Latin America and the Caribbean,915,Caribbean,902,Less developed regions,15054,10858,8209,8978,10599,20334,33114,28916,17558,10046,10645,10349,11791,13666,14727,17937,26438,33524,17304,14019,18960,27453,28182,9262,20488,36261,45614,29104,49500,38954,33573,36452,32820,32219
Immigrants,Foreigners,Cyprus,935,Asia,922,Western Asia,902,Less developed regions,279,326,276,265,291,294,307,331,286,284,316,243,262,229,204,188,185,147,119,106,160,216,158,123,143,196,180,137,141,142,122,101,107,126
Immigrants,Foreigners,Czech Republic,908,Europe,923,Eastern Europe,901,More developed regions,..,..,..,..,..,..,..,..,..,..,..,..,..,0,11,72,165,186,144,145,244,307,267,267,457,476,344,287,227,146,190,303,677,676
Immigrants,Foreigners,Democratic People's Republic of Korea,935,Asia,906,Eastern Asia,902,Less developed regions,..,..,..,..,..,..,..,..,..,..,..,..,..,..,..,..,..,..,..,..,..,..,..,..,..,..,..,..,..,67,35,36,49,48
Immigrants,Foreigners,Democratic Republic of the Congo,903,Africa,911,Middle Africa,902,Less developed regions,70,77,87,101,85,109,135,102,139,140,256,238,196,233,237,355,433,414,155,87,123,145,178,110,155,260,738,1129,1261,2122,1764,2424,3731,2792
Immigrants,Foreigners,Denmark,908,Europe,924,Northern Europe,901,More developed regions,504,506,463,513,512,478,554,537,558,593,666,601,764,735,606,551,607,429,454,367,537,706,609,405,566,718,699,517,498,603,518,459,459,506
Immigrants,Foreigners,Djibouti,903,Africa,910,Eastern Africa,902,Less developed regions,2,8,7,6,2,8,9,7,8,8,22,21,14,14,10,25,19,18,15,6,14,22,30,16,37,50,34,23,39,54,37,56,106,90
Immigrants,Foreigners,Dominica,904,Latin America and the Caribbean,915,Caribbean,902,Less developed regions,846,721,569,546,442,540,564,740,611,748,963,982,809,683,507,591,797,746,283,40,95,93,148,204,132,198,471,428,454,484,366,287,125,244
Immigrants,Foreigners,Dominican Republic,904,Latin America and the Caribbean,915,Caribbean,902,Less developed regions,17245,18220,17451,22058,23147,23787,26175,24858,27189,26723,42195,41405,41969,45420,51189,38512,39599,27047,20355,17811,17465,21195,22515,26159,30506,27503,38068,28024,31879,49414,53870,46109,41566,41311
Immigrants,Foreigners,Ecuador,904,Latin America and the Caribbean,931,South America,902,Less developed regions,6133,5129,4127,4243,4164,4482,4516,4641,4716,7532,12476,9958,7286,7324,5906,6397,8319,7779,6843,8882,7651,9665,10561,7066,8626,11608,17489,12248,11663,12128,11492,11103,9342,10591
Immigrants,Foreigners,Egypt,903,Africa,912,Northern Africa,902,Less developed regions,2833,3366,2800,2600,2642,2802,2989,3377,3016,3717,4117,5602,3576,3556,3392,5648,6186,5029,4826,4421,4450,5159,4852,3348,5522,7905,10500,9267,8712,8844,8978,7778,8988,10294
Immigrants,Foreigners,El Salvador,904,Latin America and the Caribbean,916,Central America,902,Less developed regions,6101,8210,7107,8596,8787,10156,10929,10693,12045,57878,80173,47351,26191,26818,17644,11744,17902,17955,14577,14581,22543,31089,31060,28231,29807,21359,31782,21127,19659,19909,18806,18667,16256,18260
Immigrants,Foreigners,Equatorial Guinea,903,Africa,911,Middle Africa,902,Less developed regions,15,8,1,4,0,1,1,0,1,..,5,5,..,..,..,..,..,..,7,..,5,3,8,..,13,10,13,4,16,32,12,13,20,18
Immigrants,Foreigners,Eritrea,903,Africa,910,Eastern Africa,902,Less developed regions,..,..,..,..,..,..,..,..,..,..,..,..,..,85,468,992,828,947,641,325,382,540,560,556,675,796,1593,1081,1270,1928,1656,2102,2643,2138
Immigrants,Foreigners,Estonia,908,Europe,924,Northern Europe,901,More developed regions,20,22,17,16,9,7,6,15,11,14,20,23,194,191,272,205,280,285,128,142,239,348,343,235,322,438,423,368,287,282,260,191,227,211
Immigrants,Foreigners,Ethiopia,903,Africa,910,Eastern Africa,902,Less developed regions,977,1749,1810,2643,2461,3362,2737,2156,2571,3389,4336,5127,4602,5191,3887,5960,6084,5893,4199,4262,4053,5092,7565,6635,8286,10571,16152,12786,12917,15462,14266,13793,14544,13097
Immigrants,Foreigners,Falkland Islands (Malvinas),904,Latin America and the Caribbean,931,South America,902,Less developed regions,3,2,0,0,1,0,0,0,1,0,..,0,0,0,0,0,..,..,..,..,..,..,..,..,..,..,..,..,..,..,..,..,..,..
Immigrants,Foreigners,Fiji,909,Oceania,928,Melanesia,902,Less developed regions,724,1060,659,712,901,980,972,1205,1028,968,1353,1349,807,854,1007,1491,1847,1549,1717,1599,1483,1452,1208,1095,1593,1422,2115,1637,1176,1194,1201,1041,853,895
Immigrants,Foreigners,Finland,908,Europe,924,Northern Europe,901,More developed regions,356,317,346,311,264,290,322,331,390,325,369,333,525,544,471,476,602,372,314,307,377,497,426,241,388,574,542,426,302,423,397,363,348,331
Immigrants,Foreigners,France,908,Europe,926,Western Europe,901,More developed regions,1905,1745,1994,2061,2135,2187,2518,2513,2524,2598,2849,2450,3288,2864,2715,2505,3078,2564,2342,2196,3442,4569,3797,2375,3595,4399,4258,3423,4872,4491,3861,3653,3862,4425
Immigrants,Foreigners,French Guiana,904,Latin America and the Caribbean,931,South America,902,Less developed regions,14,7,5,5,1,0,1,0,3,..,..,..,..,6,10,4,5,6,..,5,13,8,6,4,..,8,15,9,6,18,9,..,..,..
Immigrants,Foreigners,French Polynesia,909,Oceania,957,Polynesia,902,Less developed regions,41,38,33,34,59,29,19,34,32,22,29,31,24,28,19,25,15,21,14,9,13,16,12,14,13,19,37,27,26,30,16,21,30,-
Immigrants,Foreigners,Gabon,903,Africa,911,Middle Africa,902,Less developed regions,2,7,0,7,2,3,8,5,3,7,11,11,9,5,11,13,29,24,21,4,18,32,41,40,50,66,85,95,82,171,138,204,197,127
Immigrants,Foreigners,Gambia,903,Africa,914,Western Africa,902,Less developed regions,27,27,21,33,27,34,33,37,55,71,170,159,93,76,93,153,207,175,226,183,231,390,343,263,422,581,897,826,739,978,859,972,1159,1018
Immigrants,Foreigners,Georgia,935,Asia,922,Western Asia,902,Less developed regions,0,0,259,460,128,126,136,108,110,137,105,..,426,429,652,710,1157,812,295,310,493,786,886,735,964,1389,2003,1554,1620,1578,1518,1490,1341,1368
Immigrants,Foreigners,Germany,908,Europe,926,Western Europe,901,More developed regions,6595,6552,6467,6725,6747,7109,6991,7210,6645,6708,7388,6509,9888,7312,6992,6237,6743,5714,5440,5166,7565,9790,8888,5064,7099,9264,8436,7582,7091,7583,6888,6125,5812,6032
Immigrants,Foreigners,Ghana,903,Africa,914,Western Africa,902,Less developed regions,1159,951,824,976,1050,1041,1164,1120,1239,2045,4466,3330,1867,1604,1458,3152,6602,5093,4455,3707,4339,4023,4248,4410,5337,6491,9367,7610,8195,8401,7429,8798,10592,10265
Immigrants,Foreigners,Gibraltar,908,Europe,925,Southern Europe,901,More developed regions,8,33,21,12,4,0,2,4,1,..,..,..,4,5,6,7,..,..,..,..,..,..,..,..,..,..,..,..,..,..,..,..,..,..
Immigrants,Foreigners,Greece,908,Europe,925,Southern Europe,901,More developed regions,4699,4361,3472,2997,2865,2579,2512,2653,2458,2491,2742,2079,1858,1884,1440,1309,1439,1042,855,719,950,1155,1009,651,769,1070,1124,882,769,798,745,949,1054,1361
Immigrants,Foreigners,Greenland,905,Northern America,905,Northern America,901,More developed regions,7,5,4,5,1,0,1,1,1,..,3,8,..,3,..,..,..,..,..,..,..,..,..,..,..,..,..,..,..,..,..,..,..,..
Immigrants,Foreigners,Grenada,904,Latin America and the Caribbean,915,Caribbean,902,Less developed regions,1198,1120,1066,1154,980,934,1045,1098,842,1046,1294,979,848,827,595,583,785,755,655,661,655,645,634,481,609,840,1068,751,784,748,664,579,671,687
Immigrants,Foreigners,Guadeloupe,904,Latin America and the Caribbean,915,Caribbean,902,Less developed regions,51,74,40,31,31,28,38,37,54,38,54,34,50,49,41,48,52,52,30,54,51,84,38,35,59,48,53,38,33,32,34,..,..,..
Immigrants,Foreigners,Guatemala,904,Latin America and the Caribbean,916,Central America,902,Less developed regions,3751,3928,3633,4090,3937,4389,5158,5729,5723,19049,32303,25527,10521,11870,7389,6213,8762,7780,7747,7294,9942,13496,16178,14386,18920,16818,24133,17908,16182,12187,10467,11092,10341,10224
Immigrants,Foreigners,Guinea,903,Africa,914,Western Africa,902,Less developed regions,18,16,27,23,11,17,21,26,33,45,67,84,104,102,97,152,220,158,46,5,3,11,16,29,347,495,1110,1088,1735,1725,1379,1555,1656,1518
Immigrants,Foreigners,Guinea-Bissau,903,Africa,914,Western Africa,902,Less developed regions,11,7,10,2,2,1,0,0,2,9,8,14,8,..,0,..,3,24,165,134,204,273,289,176,5,26,25,25,17,20,30,29,47,43
Immigrants,Foreigners,Guyana,904,Latin America and the Caribbean,931,South America,902,Less developed regions,8381,6743,10059,8980,8412,8531,10367,11384,8747,10789,11362,11666,9064,8384,7662,7362,9489,7253,3960,3290,5719,8279,9938,6809,6351,9317,9552,5726,6823,6670,6749,6599,5683,5897
Immigrants,Foreigners,Haiti,904,Latin America and the Caribbean,915,Caribbean,902,Less developed regions,6540,6683,8779,8424,9839,10165,12666,14819,34806,13658,20324,47527,11002,10094,13333,14021,18383,15053,13434,16514,22337,27031,20213,12293,14191,14524,22226,30405,26007,24280,22582,22111,22818,20351
Immigrants,Foreigners,Honduras,904,Latin America and the Caribbean,916,Central America,902,Less developed regions,2552,2358,3186,3619,3405,3726,4532,4751,4302,7593,12024,11451,6552,7306,5265,5496,5866,7614,6456,4793,5917,6571,6435,4645,5508,7012,8177,7646,6540,6404,6448,6133,6884,8898
Immigrants,Foreigners,Hungary,908,Europe,923,Eastern Europe,901,More developed regions,819,581,642,632,825,1009,1006,994,1227,1193,1655,1534,1304,1091,880,900,1183,947,806,694,1023,1263,1274,1021,1272,1567,1704,1266,1127,1314,1022,1044,1054,1052
Immigrants,Foreigners,Iceland,908,Europe,924,Northern Europe,901,More developed regions,186,176,126,183,118,117,133,88,92,124,107,117,156,164,140,125,182,119,111,79,129,134,93,97,105,135,145,95,122,131,105,90,103,139
Immigrants,Foreigners,India,935,Asia,5501,Southern Asia,902,Less developed regions,22607,21522,21738,25451,24964,26026,26227,27803,26268,31175,30667,45064,36755,40121,34921,34748,44838,38048,36414,30157,41903,70032,70823,50228,70151,84680,61369,65353,63352,57304,69162,69013,66434,68458
Immigrants,Foreigners,Indonesia,935,Asia,920,South-Eastern Asia,902,Less developed regions,977,1006,1194,952,1113,1269,1183,1254,1342,1513,3498,2223,2916,1767,1367,1020,1084,905,1017,1186,1767,2525,2418,1805,2419,3924,4868,3716,3606,3679,3032,2856,2603,2731
Immigrants,Foreigners,Iran (Islamic Republic of),935,Asia,5501,Southern Asia,902,Less developed regions,10410,11105,10314,11163,13807,16071,16505,14426,15246,21243,24977,19569,13233,14841,11422,9201,11084,9635,7873,7176,8487,10425,12960,7230,10434,13887,13947,10460,13852,18553,14182,14822,12916,12863
Immigrants,Foreigners,Iraq,935,Asia,922,Western Asia,902,Less developed regions,2658,2535,3105,2343,2930,1951,1323,1072,1022,1516,1756,1494,4111,4072,6025,5596,5479,3243,2217,3360,5087,4965,5174,2450,3494,4077,4337,3765,4795,12110,19855,21133,20369,9552
Immigrants,Foreigners,Ireland,908,Europe,924,Northern Europe,901,More developed regions,1006,902,949,1101,1223,1397,1839,3060,5058,6961,10333,4767,12226,13590,17256,5315,1731,998,944,804,1296,1505,1398,983,1531,2088,1906,1503,1465,1637,1507,1371,1514,1626
Immigrants,Foreigners,Israel,935,Asia,922,Western Asia,902,Less developed regions,3517,3542,3356,3239,3066,3113,3790,3699,3640,4244,4664,4181,5104,4494,3425,2523,3125,2445,1982,1847,2783,3744,3826,2741,4160,5755,5943,4496,5851,5612,4515,3826,4153,3996
Immigrants,Foreigners,Italy,908,Europe,925,Southern Europe,901,More developed regions,5467,4662,3644,3225,3130,3214,3089,2784,2949,2910,3287,2619,2592,2487,2305,2231,2490,1976,1817,1512,2448,3096,2578,1644,2346,3066,3215,2569,2514,2892,2579,2443,2673,2960
Immigrants,Foreigners,Jamaica,904,Latin America and the Caribbean,915,Caribbean,902,Less developed regions,18970,23569,18711,19535,19822,18923,19595,23148,20966,24523,25013,23828,18915,17241,14349,16398,19084,17833,15123,14693,15949,15322,14835,13347,14430,18345,24976,19375,18477,21783,19825,19662,20705,19400
Immigrants,Foreigners,Japan,935,Asia,906,Eastern Asia,901,More developed regions,4225,3896,3903,4092,4043,4086,3959,4174,4512,4849,5734,5049,11028,6908,6093,4837,6007,5092,5128,4202,7049,9578,8248,5971,7697,8768,8265,6748,6821,7690,6264,6161,6061,5925
Immigrants,Foreigners,Jordan,935,Asia,922,Western Asia,902,Less developed regions,3322,3825,2923,2718,2438,2998,3081,3125,3232,3921,4449,4259,4036,4741,3990,3649,4444,4170,3244,3269,3900,4572,3964,2927,3431,3748,4038,3917,3936,4282,3868,3876,4099,4188
Immigrants,Foreigners,Kazakhstan,935,Asia,5500,Central Asia,902,Less developed regions,..,..,..,..,..,..,..,..,..,..,..,..,506,628,750,840,1089,1025,539,723,1493,2310,2315,1740,1906,2223,2073,1604,1630,1562,1282,1235,1202,1241
Immigrants,Foreigners,Kenya,903,Africa,910,Eastern Africa,902,Less developed regions,592,657,601,710,753,735,719,698,773,910,1297,1185,953,1065,1017,1419,1666,1387,1693,1407,2197,2501,3199,3209,5335,5347,8779,7030,6998,9880,7421,7762,7043,6123
Immigrants,Foreigners,Kiribati,909,Oceania,954,Micronesia,902,Less developed regions,..,..,8,7,0,0,3,6,3,4,5,13,15,4,4,5,..,..,4,0,3,0,..,4,..,4,8,10,4,10,6,D,6,3
Immigrants,Foreigners,Kuwait,935,Asia,922,Western Asia,902,Less developed regions,257,317,286,344,437,503,496,507,599,710,691,861,989,1129,1065,961,1202,836,747,801,1015,1258,1056,707,1091,1152,1230,1017,1104,1124,1037,973,1044,937
Immigrants,Foreigners,Kyrgyzstan,935,Asia,5500,Central Asia,902,Less developed regions,..,..,..,..,..,..,..,..,..,..,..,..,134,124,226,209,280,287,111,189,388,582,473,356,439,656,785,597,632,574,507,542,648,652
Immigrants,Foreigners,Lao People's Democratic Republic,935,Asia,920,South-Eastern Asia,902,Less developed regions,13970,15805,36528,23662,12279,9133,7842,6828,10667,12524,10446,9950,8696,7285,5089,3936,2843,1933,1606,846,1358,1398,1245,896,1147,1242,2892,2575,2198,1688,1200,956,949,923
Immigrants,Foreigners,Latvia,908,Europe,924,Northern Europe,901,More developed regions,54,39,45,31,37,25,26,23,31,57,45,86,419,668,762,651,736,615,369,444,548,711,683,458,605,768,892,568,455,444,435,426,436,424
Immigrants,Foreigners,Lebanon,935,Asia,922,Western Asia,902,Less developed regions,4136,3955,3529,2941,3203,3385,3994,4367,4910,5716,5634,6009,5838,5465,4319,3884,4380,3567,3283,3033,3662,4579,3935,2956,3818,4282,4083,4267,4254,3831,3487,3295,2879,2783
Immigrants,Foreigners,Lesotho,903,Africa,913,Southern Africa,902,Less developed regions,5,7,6,8,2,6,16,7,7,8,16,4,15,5,8,10,11,6,4,5,9,6,13,5,14,12,18,14,16,14,23,25,17,20
Immigrants,Foreigners,Liberia,903,Africa,914,Western Africa,902,Less developed regions,426,556,593,518,585,618,618,622,769,1175,2004,1292,999,1050,1762,1929,2205,2210,1611,1351,1570,2273,2869,1766,2757,4880,6887,4102,7193,7641,4837,4151,4109,3334
Immigrants,Foreigners,Libya,903,Africa,912,Northern Africa,902,Less developed regions,..,..,..,..,..,..,..,..,..,..,..,..,..,..,..,..,..,..,..,..,..,..,..,..,185,223,271,186,285,296,355,357,315,376
Immigrants,Foreigners,Liechtenstein,908,Europe,926,Western Europe,901,More developed regions,5,3,3,4,3,1,2,4,1,4,3,..,..,..,0,..,..,..,..,..,..,..,..,..,..,..,..,..,..,..,..,..,..,..
Immigrants,Foreigners,Lithuania,908,Europe,924,Northern Europe,901,More developed regions,61,44,50,41,45,39,49,37,47,63,67,157,353,529,663,767,1080,812,1191,1147,1349,1732,1786,2266,2480,2417,1885,1361,967,1069,985,936,924,854
Immigrants,Foreigners,Luxembourg,908,Europe,926,Western Europe,901,More developed regions,23,18,26,29,19,17,24,26,28,16,31,21,25,14,24,15,32,28,21,11,26,34,32,16,13,35,28,39,28,30,22,24,19,40
Immigrants,Foreigners,Madagascar,903,Africa,910,Eastern Africa,902,Less developed regions,19,20,19,22,22,25,16,21,24,23,37,23,41,32,27,42,43,33,42,26,33,61,43,40,54,60,72,53,77,71,80,83,79,95
Immigrants,Foreigners,Malawi,903,Africa,910,Eastern Africa,902,Less developed regions,30,46,48,44,37,30,32,49,53,84,48,68,72,53,55,56,58,72,39,41,61,70,56,62,83,131,131,123,133,164,164,123,192,159
Immigrants,Foreigners,Malaysia,935,Asia,920,South-Eastern Asia,902,Less developed regions,795,1033,1046,852,879,939,886,1016,1250,1506,1867,1860,2235,2026,1480,1223,1414,1051,1010,991,1551,2439,2124,1200,1987,2632,2281,2149,1945,2014,1714,2273,2605,2477
Immigrants,Foreigners,Maldives,935,Asia,5501,Southern Asia,902,Less developed regions,2,1,1,1,0,0,0,0,0,0,0,..,0,..,0,..,..,..,..,0,..,9,9,15,7,6,..,9,..,6,..,..,..,..
Immigrants,Foreigners,Mali,903,Africa,914,Western Africa,902,Less developed regions,13,7,5,3,6,7,11,13,20,18,34,63,55,51,55,94,124,97,83,72,109,119,105,124,163,277,408,412,523,576,528,629,734,667
Immigrants,Foreigners,Malta,908,Europe,925,Southern Europe,901,More developed regions,192,168,137,131,92,148,135,113,112,74,77,83,85,52,75,72,51,54,58,43,54,57,44,37,57,74,70,53,66,58,74,51,62,43
Immigrants,Foreigners,Marshall Islands,909,Oceania,954,Micronesia,902,Less developed regions,..,..,0,0,0,0,0,0,0,5,..,..,4,..,..,5,3,3,6,3,3,..,26,26,48,32,53,48,39,48,37,38,50,46
Immigrants,Foreigners,Martinique,904,Latin America and the Caribbean,915,Caribbean,902,Less developed regions,40,39,26,31,30,25,18,34,25,30,..,25,25,17,..,..,23,20,20,23,20,22,19,14,26,37,30,23,24,24,15,..,..,..
Immigrants,Foreigners,Mauritania,903,Africa,914,Western Africa,902,Less developed regions,4,2,6,2,7,0,2,7,2,9,..,9,..,9,10,22,26,51,78,24,88,117,124,131,170,275,720,651,844,597,495,393,410,354
Immigrants,Foreigners,Mauritius,903,Africa,910,Eastern Africa,902,Less developed regions,38,45,28,37,60,45,60,36,47,56,67,64,61,83,65,67,84,44,37,38,54,84,83,57,65,99,108,88,83,110,84,101,77,83
Immigrants,Foreigners,Mexico,904,Latin America and the Caribbean,916,Central America,902,Less developed regions,56680,101268,56106,59079,57557,61077,66533,72351,95039,405172,679068,946167,213802,126561,111398,89932,163556,146833,131353,147402,173493,205560,218822,115585,175411,161445,173749,148640,189989,164920,139120,143446,146406,135028
Immigrants,Foreigners,Micronesia (Federated States of),909,Oceania,954,Micronesia,902,Less developed regions,..,..,0,0,0,0,0,0,0,8,7,6,11,11,7,7,..,..,4,..,5,9,..,4,5,6,12,7,13,16,10,9,13,4
Immigrants,Foreigners,Monaco,908,Europe,926,Western Europe,901,More developed regions,11,15,11,5,2,5,9,4,4,..,..,5,4,0,..,..,4,4,6,5,12,9,17,..,7,7,..,6,7,4,12,6,5,8
Immigrants,Foreigners,Mongolia,935,Asia,906,Eastern Asia,902,Less developed regions,..,..,..,..,..,..,..,..,..,..,..,..,..,..,21,17,17,22,26,41,46,102,135,153,229,323,497,530,659,831,594,774,691,729
Immigrants,Foreigners,Montenegro,908,Europe,925,Southern Europe,901,More developed regions,..,..,..,..,..,..,..,..,..,..,..,..,..,..,..,..,..,..,..,..,..,..,..,..,..,..,..,..,..,..,120,204,265,265
Immigrants,Foreigners,Montserrat,904,Latin America and the Caribbean,915,Caribbean,902,Less developed regions,176,191,148,164,80,117,147,104,104,124,172,143,104,102,69,83,99,97,65,80,70,61,42,36,33,50,90,66,61,43,27,30,27,-
Immigrants,Foreigners,Morocco,903,Africa,912,Northern Africa,902,Less developed regions,465,512,445,479,506,570,646,635,715,984,1200,1601,1316,1176,1074,1726,1782,2358,2402,2970,3614,4958,3387,3137,4128,4411,4949,4513,4425,5447,5013,4399,3656,3336
Immigrants,Foreigners,Mozambique,903,Africa,910,Eastern Africa,902,Less developed regions,81,85,57,48,60,43,53,74,68,81,100,74,54,56,44,50,59,48,39,31,41,48,54,36,59,54,78,81,69,66,53,60,94,73
Immigrants,Foreigners,Myanmar,935,Asia,920,South-Eastern Asia,902,Less developed regions,1211,1083,820,723,719,990,863,941,803,1170,1120,946,816,849,938,1233,1320,1084,1370,1200,1201,1373,1356,1193,1379,2095,4562,3130,3403,13621,12925,16518,17383,12565
Immigrants,Foreigners,Namibia,903,Africa,913,Southern Africa,902,Less developed regions,23,24,19,21,19,21,17,10,25,26,23,14,29,37,24,35,30,22,24,13,30,54,46,40,40,63,56,57,46,53,60,43,59,57
Immigrants,Foreigners,Nauru,909,Oceania,954,Micronesia,902,Less developed regions,..,..,1,0,0,0,2,4,0,7,6,..,..,..,3,..,..,..,..,..,..,..,..,..,..,..,..,..,..,..,..,..,..,..
Immigrants,Foreigners,Nepal,935,Asia,5501,Southern Asia,902,Less developed regions,98,83,97,105,75,63,86,78,106,134,184,174,212,257,257,312,431,447,476,453,616,945,1137,2095,2878,3158,3733,3472,4093,4514,7115,10166,11312,13046
Immigrants,Foreigners,Netherlands,908,Europe,926,Western Europe,901,More developed regions,1169,999,1053,1152,1242,1217,1261,1230,1187,1193,1424,1283,1586,1430,1239,1196,1423,1059,914,773,1337,1679,1549,981,1303,1815,1651,1368,1240,1499,1321,1085,1091,1142
Immigrants,Foreigners,New Caledonia,909,Oceania,928,Melanesia,902,Less developed regions,..,..,3,2,0,0,2,11,4,7,8,3,8,..,7,3,11,..,..,..,..,..,..,..,..,..,..,..,..,13,6,5,D,6
Immigrants,Foreigners,New Zealand,909,Oceania,927,Australia and New Zealand,901,More developed regions,729,666,642,606,595,679,610,591,668,789,829,793,967,1052,918,727,800,655,625,522,964,1205,1117,877,1131,1293,1100,1047,893,947,919,803,814,921
Immigrants,Foreigners,Nicaragua,904,Latin America and the Caribbean,916,Central America,902,Less developed regions,2337,2752,3077,2983,2718,2786,2826,3294,3311,8830,11562,17842,8949,7086,5255,4408,6901,6327,3511,13327,20947,19634,10659,4094,4009,3305,4145,3716,3614,4137,3565,3401,3046,3048
Immigrants,Foreigners,Niger,903,Africa,914,Western Africa,902,Less developed regions,14,11,3,29,203,51,5,15,3,7,3,..,..,4,8,10,102,837,282,12,30,1330,1263,808,62,126,116,97,107,183,96,96,48,37
Immigrants,Foreigners,Nigeria,903,Africa,914,Western Africa,902,Less developed regions,1896,1918,2257,2354,2337,2846,2976,3278,3343,5213,8843,7912,4551,4448,3950,6818,10219,7031,7730,6742,7831,8253,8105,7872,9374,10597,13459,12448,12475,15253,13376,11824,13575,13840
Immigrants,Foreigners,Niue,909,Oceania,957,Polynesia,902,Less developed regions,0,0,1,8,0,0,0,0,1,0,0,..,0,..,..,..,..,..,..,..,..,..,..,..,..,..,..,..,..,..,..,..,..,..
Immigrants,Foreigners,Northern Mariana Islands,909,Oceania,954,Micronesia,902,Less developed regions,..,..,0,0,0,0,0,0,0,..,5,6,3,3,0,4,..,..,..,..,..,..,..,..,..,..,..,..,..,..,..,..,..,..
Immigrants,Foreigners,Norway,908,Europe,924,Northern Europe,901,More developed regions,403,331,342,409,375,361,354,326,397,482,524,486,665,608,459,420,478,372,296,307,459,547,431,320,405,423,481,343,350,407,334,339,276,335
Immigrants,Foreigners,Oman,935,Asia,922,Western Asia,902,Less developed regions,20,18,13,15,7,7,11,11,7,18,..,5,24,21,32,31,25,36,25,40,51,55,61,76,122,101,155,103,70,74,63,60,74,73
Immigrants,Foreigners,Pakistan,935,Asia,5501,Southern Asia,902,Less developed regions,4265,5288,4536,4807,5509,5744,5994,6319,5438,8000,9729,20355,10214,8927,8698,9774,12516,12959,13083,13485,14504,16393,13694,9415,12086,14926,17418,13492,19719,21555,18258,15546,14740,13251
Immigrants,Foreigners,Palau,909,Oceania,954,Micronesia,902,Less developed regions,..,..,0,0,0,0,0,0,0,36,84,70,47,42,21,9,9,8,6,..,3,..,10,8,6,8,8,11,6,16,18,7,10,16
Immigrants,Foreigners,Panama,904,Latin America and the Caribbean,916,Central America,902,Less developed regions,3572,4613,3320,2546,2276,2611,2194,2084,2486,3482,3433,4204,2845,2679,2378,2247,2559,1979,1637,1640,1829,1867,1680,1164,1417,1815,2418,1916,1678,1806,1536,1374,1281,1234
Immigrants,Foreigners,Papua New Guinea,909,Oceania,928,Melanesia,902,Less developed regions,..,..,13,11,0,0,16,15,18,9,14,20,17,15,22,13,17,15,10,14,21,26,26,34,19,44,30,31,15,19,30,20,21,27
Immigrants,Foreigners,Paraguay,904,Latin America and the Caribbean,931,South America,902,Less developed regions,181,153,161,187,167,170,190,291,483,529,704,538,514,668,789,559,615,304,275,216,338,401,356,207,328,516,719,545,481,530,467,500,467,448
Immigrants,Foreigners,Peru,904,Latin America and the Caribbean,931,South America,902,Less developed regions,4021,4664,4151,4384,4368,4181,4895,5901,5936,10175,15726,16237,9868,10447,9177,8066,12869,10843,10141,8414,9579,11062,11918,9409,11794,15676,21718,17699,15184,16957,14247,14064,12609,12564
Immigrants,Foreigners,Philippines,935,Asia,920,South-Eastern Asia,902,Less developed regions,42316,43772,45102,41546,42768,47978,52558,50060,50697,57034,63756,63596,61022,63457,53535,50984,55868,49102,34416,30943,42343,52919,51040,45250,57846,60746,74606,72596,54030,60029,58173,57011,57327,54446
Immigrants,Foreigners,Poland,908,Europe,923,Eastern Europe,901,More developed regions,4725,5014,5874,6427,9466,9464,8481,7519,9507,15101,20537,19199,25504,27846,28048,13824,15766,12035,8451,8773,10090,11769,12711,10510,14326,15351,17051,10355,8354,8754,7643,6863,6300,6430
Immigrants,Foreigners,Portugal,908,Europe,925,Southern Europe,901,More developed regions,8408,7049,3510,3231,3779,3781,3766,3912,3199,3758,4035,4524,2748,2081,2169,2615,2977,1660,1529,1058,1343,1609,1313,808,1069,1125,1409,1019,772,946,755,821,811,918
Immigrants,Foreigners,Puerto Rico,904,Latin America and the Caribbean,915,Caribbean,902,Less developed regions,0,1,2,1,3,1,0,0,0,..,..,5,..,..,0,..,..,..,..,..,..,..,..,..,..,..,..,..,..,..,..,..,..,..
Immigrants,Foreigners,Qatar,935,Asia,922,Western Asia,902,Less developed regions,16,22,13,19,17,28,41,30,39,49,33,56,59,88,51,60,79,70,60,78,97,125,108,72,125,174,226,138,151,134,148,193,141,191
Immigrants,Foreigners,Republic of Korea,935,Asia,906,Eastern Asia,902,Less developed regions,32320,32663,31724,33339,33042,35253,35776,35849,34703,34222,32301,26518,19359,18026,16011,16047,18179,14226,14222,12795,15721,20532,20724,12382,19766,26562,24386,22405,26666,25859,22227,22824,20846,23166
Immigrants,Foreigners,Republic of Moldova,908,Europe,923,Eastern Europe,901,More developed regions,..,..,..,..,..,..,..,..,..,..,..,..,1705,2646,2260,1856,1848,1347,562,753,1251,2068,2103,1151,1507,3506,3036,1356,1692,2295,1981,2258,2021,2485
Immigrants,Foreigners,Réunion,903,Africa,910,Eastern Africa,902,Less developed regions,0,1,1,2,0,0,0,0,0,..,0,0,..,3,0,..,..,..,..,..,..,..,..,..,..,..,..,..,..,..,..,..,..,..
Immigrants,Foreigners,Romania,908,Europe,923,Eastern Europe,901,More developed regions,1913,1974,3124,2543,4004,5188,5198,3837,3875,4573,4647,8096,6500,5601,3444,4871,5799,5545,5104,5678,6863,6628,4887,3655,4571,7103,7137,5802,4930,4910,4003,3882,3748,3773
Immigrants,Foreigners,Russian Federation,908,Europe,923,Eastern Europe,901,More developed regions,..,..,..,..,..,..,..,..,..,..,..,..,8857,12079,15249,14560,19656,16622,11517,12321,16940,20313,20771,13935,17410,18055,13159,9426,11695,8238,6718,7944,9969,9753
Immigrants,Foreigners,Rwanda,903,Africa,910,Eastern Africa,902,Less developed regions,7,6,8,7,8,3,8,3,5,7,6,12,10,25,16,41,118,170,52,97,73,148,217,109,163,276,502,357,378,952,489,520,592,540
Immigrants,Foreigners,Saint Helena,903,Africa,914,Western Africa,902,Less developed regions,6,0,3,2,0,1,1,6,3,..,..,..,..,4,0,3,..,..,..,..,..,..,..,..,..,..,..,..,..,..,..,..,..,..
Immigrants,Foreigners,Saint Kitts and Nevis,904,Latin America and the Caribbean,915,Caribbean,902,Less developed regions,874,867,1039,2773,1648,769,573,589,660,795,896,830,626,544,370,360,357,377,404,463,500,463,342,310,299,342,458,347,363,310,339,350,311,259
Immigrants,Foreigners,Saint Lucia,904,Latin America and the Caribbean,915,Caribbean,902,Less developed regions,1193,733,586,662,484,499,502,496,606,709,833,766,654,634,449,403,582,531,509,529,599,674,583,488,616,832,1212,928,946,1027,872,785,919,853
Immigrants,Foreigners,Saint Pierre and Miquelon,905,Northern America,905,Northern America,901,More developed regions,6,4,0,1,1,0,0,0,0,0,0,0,..,0,0,..,..,..,..,..,..,..,..,..,..,..,..,..,..,..,..,..,..,..
Immigrants,Foreigners,Saint Vincent and the Grenadines,904,Latin America and the Caribbean,915,Caribbean,902,Less developed regions,763,799,719,767,695,693,635,746,634,892,973,808,687,657,524,349,606,581,413,442,497,559,480,322,400,625,756,567,568,591,576,468,503,529
Immigrants,Foreigners,Samoa,909,Oceania,957,Polynesia,902,Less developed regions,322,400,379,253,229,189,253,202,221,295,690,561,314,200,227,237,215,138,146,91,184,165,157,178,203,173,283,290,227,250,219,267,238,237
Immigrants,Foreigners,San Marino,908,Europe,925,Southern Europe,901,More developed regions,7,7,4,4,5,2,1,1,2,0,0,..,0,..,0,..,..,..,..,..,..,..,..,..,..,..,..,..,..,..,..,..,..,..
Immigrants,Foreigners,Sao Tome and Principe,903,Africa,911,Middle Africa,902,Less developed regions,6,1,3,4,0,3,0,3,2,7,..,4,7,0,..,6,..,..,..,..,..,..,..,..,..,..,..,..,..,11,10,9,12,6
Immigrants,Foreigners,Saudi Arabia,935,Asia,922,Western Asia,902,Less developed regions,133,159,134,170,208,228,275,294,338,381,518,552,584,616,668,788,1164,815,703,759,1063,1178,1014,735,906,1210,1542,1171,1194,1418,1263,1396,1343,1463
Immigrants,Foreigners,Senegal,903,Africa,914,Western Africa,902,Less developed regions,106,65,74,71,59,91,91,92,130,141,537,869,337,178,213,506,640,435,372,368,554,663,530,522,769,913,1367,1024,1149,1524,1285,1424,1615,1340
Immigrants,Foreigners,Serbia,908,Europe,925,Southern Europe,901,More developed regions,..,..,..,..,..,..,..,..,..,..,..,..,..,..,..,..,..,..,..,..,..,..,..,..,..,..,..,..,..,..,20,244,704,866
Immigrants,Foreigners,Seychelles,903,Africa,910,Eastern Africa,902,Less developed regions,56,31,36,37,50,41,33,28,38,13,21,32,30,23,22,18,16,15,4,10,18,18,20,16,25,16,15,7,16,10,8,15,7,6
Immigrants,Foreigners,Sierra Leone,903,Africa,914,Western Africa,902,Less developed regions,267,277,283,319,368,371,323,453,571,939,1290,951,693,690,698,919,1918,1879,952,970,1585,1878,2246,1492,1596,2731,3572,1999,2795,2687,2011,1985,1688,1651
Immigrants,Foreigners,Singapore,935,Asia,920,South-Eastern Asia,902,Less developed regions,322,408,390,362,377,460,480,469,492,566,620,535,774,798,542,399,561,460,388,355,668,1100,1033,582,966,1204,997,985,922,832,774,690,712,835
Immigrants,Foreigners,Slovakia,908,Europe,923,Eastern Europe,901,More developed regions,..,..,..,..,..,..,..,..,..,..,..,..,..,10,221,503,663,629,491,492,549,809,725,674,800,965,1111,763,653,706,538,594,528,507
Immigrants,Foreigners,Slovenia,908,Europe,925,Southern Europe,901,More developed regions,..,..,..,..,..,..,..,..,..,..,..,..,8,50,67,65,77,62,57,58,76,142,140,64,88,114,115,87,79,108,74,69,86,62
Immigrants,Foreigners,Solomon Islands,909,Oceania,928,Melanesia,902,Less developed regions,..,..,5,8,0,0,5,2,3,4,7,..,..,3,5,..,..,..,5,..,7,7,7,5,6,3,5,10,7,..,6,D,D,3
Immigrants,Foreigners,Somalia,903,Africa,910,Eastern Africa,902,Less developed regions,43,61,89,83,90,139,139,197,183,228,277,458,500,1088,1737,3487,2169,4004,2623,1690,2393,3007,4535,2444,3929,5829,9462,6251,10745,13390,4558,4451,5204,3764
Immigrants,Foreigners,South Africa,903,Africa,913,Southern Africa,902,Less developed regions,1960,1559,1434,1261,1246,1210,1566,1741,1832,1899,1990,1854,2516,2197,2144,2560,2966,2091,1897,1577,2824,4090,3861,2210,3370,4536,3201,2988,2723,3171,2758,2649,2781,2629
Immigrants,Foreigners,Spain,908,Europe,925,Southern Europe,901,More developed regions,1879,1711,1586,1507,1393,1413,1591,1578,1483,1550,1886,1849,1631,1388,1418,1321,1659,1240,1040,869,1254,1711,1361,917,1339,1888,1971,1578,1621,1769,1684,1890,1842,2480
Immigrants,Foreigners,Sri Lanka,935,Asia,5501,Southern Asia,902,Less developed regions,397,448,505,472,554,553,596,630,634,757,976,1377,1081,1109,989,960,1277,1126,1084,899,1118,1505,1529,1246,1431,1894,2191,1831,1935,2009,2036,2053,1994,1847
Immigrants,Foreigners,Sudan,903,Africa,912,Northern Africa,902,Less developed regions,83,65,78,128,199,271,230,198,217,272,306,679,675,714,651,1645,2172,2028,1158,1346,1531,1650,2921,1883,3211,5231,5504,2930,3598,3577,2397,2628,2471,1945
Immigrants,Foreigners,Suriname,904,Latin America and the Caribbean,931,South America,902,Less developed regions,114,84,93,116,76,94,103,144,151,..,240,..,..,211,190,213,211,191,143,141,256,245,247,180,166,300,314,197,218,227,216,196,187,178
Immigrants,Foreigners,Swaziland,903,Africa,913,Southern Africa,902,Less developed regions,18,12,21,15,6,4,7,12,6,7,11,5,8,10,7,20,16,11,8,8,12,18,12,23,15,16,11,13,18,42,22,19,24,15
Immigrants,Foreigners,Sweden,908,Europe,924,Northern Europe,901,More developed regions,768,832,874,870,974,1076,1098,1057,1156,1078,1196,1080,1463,1393,1140,976,1251,956,818,821,1264,1682,1376,963,1270,1517,1376,1145,1019,1138,1097,979,968,1106
Immigrants,Foreigners,Switzerland,908,Europe,926,Western Europe,901,More developed regions,713,601,626,680,620,729,677,759,751,788,845,696,1023,972,877,881,1004,1063,825,647,1029,1298,1004,632,855,1092,983,705,720,798,675,615,635,697
Immigrants,Foreigners,Syrian Arab Republic,935,Asia,922,Western Asia,902,Less developed regions,1658,2127,2354,1683,1724,1581,1604,1669,2183,2675,2972,2837,2940,2933,2426,2362,3072,2269,2835,2048,2367,3350,2557,1938,2256,2831,2918,2385,2641,2442,2555,2785,3014,3366
Immigrants,Foreigners,Tajikistan,935,Asia,5500,Central Asia,902,Less developed regions,..,..,..,..,..,..,..,..,..,..,..,..,186,336,568,706,634,311,66,104,156,187,181,137,167,207,239,172,231,265,299,382,411,550
Immigrants,Foreigners,Thailand,935,Asia,920,South-Eastern Asia,902,Less developed regions,4115,4799,5568,5875,4885,5239,6204,6733,6888,9332,8914,7397,7090,6654,5489,5136,4306,3092,3090,2366,3753,4245,4144,3126,4318,5505,11749,8751,6637,10444,9384,9962,9459,7583
Immigrants,Foreigners,The former Yugoslav Republic of Macedonia,908,Europe,925,Southern Europe,901,More developed regions,..,..,..,..,..,..,..,..,..,..,..,..,..,..,367,666,862,783,785,569,790,921,821,653,775,1070,1317,1227,1107,1128,963,1078,906,895
Immigrants,Foreigners,Togo,903,Africa,914,Western Africa,902,Less developed regions,9,10,16,16,13,14,22,19,22,29,30,33,45,41,52,83,157,221,246,254,386,487,935,1187,2041,1523,1720,1565,1661,1680,1563,1506,1756,1257
Immigrants,Foreigners,Tonga,909,Oceania,957,Polynesia,902,Less developed regions,453,588,561,481,555,669,510,545,434,646,1375,1685,703,348,293,403,415,303,229,281,349,327,331,238,327,309,437,438,365,379,343,408,276,348
Immigrants,Foreigners,Trinidad and Tobago,904,Latin America and the Caribbean,915,Caribbean,902,Less developed regions,5154,4599,3532,3156,2900,2831,2891,3543,3947,5394,6740,8407,7008,6577,6292,5424,7331,6402,4845,4259,6635,6618,5738,4138,5384,6568,8854,6829,5937,6256,5435,5023,5214,4724
Immigrants,Foreigners,Tunisia,903,Africa,912,Northern Africa,902,Less developed regions,92,98,99,91,97,93,121,120,98,125,226,275,216,167,149,189,228,163,200,150,307,438,540,353,457,495,510,417,410,416,418,440,422,445
Immigrants,Foreigners,Turkey,935,Asia,922,Western Asia,902,Less developed regions,2233,2766,2864,2263,1793,1691,1753,1596,1642,2007,2468,2528,2488,2204,1840,2947,3657,3138,2676,2215,2606,3215,3375,3029,3835,4614,4941,4425,4210,4958,4483,4403,4162,4144
Immigrants,Foreigners,Turkmenistan,935,Asia,5500,Central Asia,902,Less developed regions,..,..,..,..,..,..,..,..,..,..,..,..,34,48,68,84,121,99,44,65,97,94,93,84,117,148,248,217,274,290,224,260,223,210
Immigrants,Foreigners,Turks and Caicos Islands,904,Latin America and the Caribbean,915,Caribbean,902,Less developed regions,40,48,41,41,20,12,26,21,47,78,206,121,59,39,26,27,35,37,46,27,46,33,31,26,28,34,52,31,35,31,29,33,30,50
Immigrants,Foreigners,Tuvalu,909,Oceania,957,Polynesia,902,Less developed regions,0,0,0,0,0,0,1,2,2,..,4,0,0,3,0,..,..,..,..,..,..,..,..,..,..,..,..,..,..,..,..,..,..,..
Immigrants,Foreigners,Uganda,903,Africa,910,Eastern Africa,902,Less developed regions,343,410,304,332,369,301,401,357,343,393,674,538,437,415,391,383,421,398,355,250,418,457,575,455,721,858,1372,1122,1174,1364,1085,1239,1340,1350
Immigrants,Foreigners,Ukraine,908,Europe,923,Eastern Europe,901,More developed regions,..,..,..,..,..,..,..,..,..,..,..,..,14383,18316,21010,17432,21072,15691,7444,10102,15511,20914,21190,11633,14156,22745,17140,11001,10813,11223,8477,8292,7642,8193
Immigrants,Foreigners,United Arab Emirates,935,Asia,922,Western Asia,902,Less developed regions,32,24,40,31,76,92,121,122,111,114,192,164,172,196,286,317,343,329,329,310,435,460,472,380,586,812,1006,758,693,697,779,707,854,910
Immigrants,Foreigners,United Kingdom of Great Britain and Northern Ireland,908,Europe,924,Northern Europe,901,More developed regions,15485,14997,14539,14830,13949,13408,13657,13497,13228,14090,15928,13903,19973,18783,16326,12427,13607,10679,8976,7647,13273,18278,16297,9527,14915,19800,17207,14545,14348,15748,12792,11572,12014,12984
Immigrants,Foreigners,United Republic of Tanzania,903,Africa,910,Eastern Africa,902,Less developed regions,339,423,304,364,418,395,370,385,388,507,635,500,352,426,357,524,553,399,339,313,480,476,577,554,747,829,949,832,838,2773,1850,1427,1516,837
Immigrants,Foreigners,United States of America,905,Northern America,905,Northern America,901,More developed regions,206,149,156,105,3,0,0,0,0,108,122,70,66,60,47,57,51,38,30,29,35,63,64,32,57,183,333,171,216,181,201,269,279,319
Immigrants,Foreigners,United States Virgin Islands,904,Latin America and the Caribbean,915,Caribbean,902,Less developed regions,0,1,6,10,3,0,0,0,0,..,..,6,..,..,..,..,..,0,..,5,3,6,9,4,13,8,7,3,..,..,..,D,D,D
Immigrants,Foreigners,Uruguay,904,Latin America and the Caribbean,931,South America,902,Less developed regions,887,972,707,681,712,790,699,709,612,948,1457,1161,716,568,516,414,539,427,367,267,426,541,536,469,787,1154,1664,1418,1451,1775,1331,1553,1374,1352
Immigrants,Foreigners,Uzbekistan,935,Asia,5500,Central Asia,902,Less developed regions,..,..,..,..,..,..,..,..,..,..,..,..,1712,2664,3435,3645,4686,3311,600,1221,1631,2031,2317,1445,1995,2887,4015,4665,6375,5467,4770,5056,4726,4382
Immigrants,Foreigners,Vanuatu,909,Oceania,928,Melanesia,902,Less developed regions,..,..,5,0,0,0,4,2,2,..,..,5,..,0,0,..,..,..,..,..,..,..,..,..,..,..,..,..,..,..,..,..,..,..
Immigrants,Foreigners,Venezuela (Bolivarian Republic of),904,Latin America and the Caribbean,931,South America,902,Less developed regions,1010,1104,1336,1508,1721,1714,1854,1694,1791,2099,3142,2622,2340,2743,2427,2627,3465,3326,3129,2498,4693,5170,5228,4018,6220,10645,11341,10692,10514,11154,9409,9183,9387,9572
Immigrants,Foreigners,Viet Nam,935,Asia,920,South-Eastern Asia,902,Less developed regions,43483,55631,72553,37560,37236,31895,29993,24231,25789,37739,48792,55307,77735,59614,41345,41752,42053,38511,17635,20335,26553,35419,33563,22087,31524,32784,30691,28691,31497,29234,30632,34157,28304,27101
Immigrants,Foreigners,Wallis and Futuna Islands,909,Oceania,957,Polynesia,902,Less developed regions,0,0,0,0,0,0,0,0,0,0,0,0,..,6,5,4,..,..,..,..,..,..,..,..,..,..,..,..,..,..,..,..,..,..
Immigrants,Foreigners,Western Sahara,903,Africa,912,Northern Africa,902,Less developed regions,0,1,1,2,0,0,0,0,1,0,0,0,0,0,0,0,..,..,..,..,..,..,..,..,..,..,..,..,..,..,..,..,..,..
Immigrants,Foreigners,Yemen,935,Asia,922,Western Asia,902,Less developed regions,160,230,305,268,324,432,420,577,360,831,1727,1547,2056,1793,741,1501,2209,1661,1857,1160,1789,1607,1227,1382,1760,3366,4308,2396,1872,3134,3591,3361,2620,3532
Immigrants,Foreigners,Zambia,903,Africa,910,Eastern Africa,902,Less developed regions,178,165,165,160,146,169,168,161,182,259,209,228,210,225,198,222,226,262,212,143,211,295,308,280,359,499,672,576,613,704,628,652,643,505
Immigrants,Foreigners,Zimbabwe,903,Africa,910,Eastern Africa,902,Less developed regions,246,167,162,193,200,222,221,252,216,230,272,261,296,308,246,299,384,274,186,184,322,475,484,358,628,923,1049,1057,953,983,1274,1016,914,924
Immigrants,Foreigners,Unknown,999,World,999,World,999,World,14597,13018,28535,25027,21946,21795,19788,18173,16772,29271,45594,74749,25294,25382,19942,19989,21464,13309,17382,15313,17144,24595,26406,12966,17285,23565,24541,20120,19972,19488,16453,13740,9729,11698
Immigrants,Foreigners,Total,999,World,999,World,999,World,530639,596600,594131,559763,543903,570009,601708,601516,643025,1090924,1536483,1827167,973975,904292,804416,720459,915560,797847,653206,644787,841002,1058902,1059356,703542,957883,1122257,1266129,1052415,1107126,1130818,1042625,1062040,1031631,990553
